timestamp, utilization.gpu [%], memory.used [MiB], power.draw [W], temperature.gpu, clocks.current.sm [MHz]
2026/08/15 01:46:21.305, 0 %, 0 MiB, 30.80 W, 30, 180 MHz
2026/08/15 01:46:26.315, 0 %, 0 MiB, 29.67 W, 30, 180 MHz
2026/08/15 01:46:31.316, 0 %, 3 MiB, 30.70 W, 30, 180 MHz
2026/08/15 01:46:36.316, 0 %, 3 MiB, 30.96 W, 30, 180 MHz
2026/08/15 01:46:41.317, 0 %, 3 MiB, 29.68 W, 30, 180 MHz
2026/08/15 01:46:46.318, 0 %, 1583 MiB, 86.95 W, 32, 2347 MHz
2026/08/15 01:46:51.318, 12 %, 31451 MiB, 90.02 W, 33, 2347 MHz
2026/08/15 01:46:56.319, 0 %, 88373 MiB, 86.78 W, 33, 2347 MHz
2026/08/15 01:47:01.319, 0 %, 88437 MiB, 86.99 W, 33, 2347 MHz
2026/08/15 01:47:06.320, 0 %, 88437 MiB, 87.33 W, 33, 2347 MHz
2026/08/15 01:47:11.320, 0 %, 88437 MiB, 86.85 W, 34, 2347 MHz
2026/08/15 01:47:16.321, 0 %, 88437 MiB, 87.14 W, 34, 2347 MHz
2026/08/15 01:47:21.321, 0 %, 88437 MiB, 87.45 W, 34, 2347 MHz
2026/08/15 01:47:26.322, 0 %, 88437 MiB, 87.87 W, 34, 2347 MHz
2026/08/15 01:47:31.322, 0 %, 88437 MiB, 87.39 W, 34, 2347 MHz
2026/08/15 01:47:36.323, 0 %, 88437 MiB, 87.43 W, 34, 2347 MHz
2026/08/15 01:47:41.324, 0 %, 88437 MiB, 87.87 W, 34, 2347 MHz
2026/08/15 01:47:46.324, 0 %, 88437 MiB, 87.45 W, 34, 2347 MHz
2026/08/15 01:47:51.325, 0 %, 88437 MiB, 87.91 W, 34, 2347 MHz
2026/08/15 01:47:56.325, 0 %, 88437 MiB, 87.81 W, 34, 2347 MHz
2026/08/15 01:48:01.326, 0 %, 88437 MiB, 87.57 W, 34, 2347 MHz
2026/08/15 01:48:06.326, 0 %, 88437 MiB, 87.33 W, 34, 2347 MHz
2026/08/15 01:48:11.327, 0 %, 88437 MiB, 87.60 W, 34, 2347 MHz
2026/08/15 01:48:16.327, 0 %, 88919 MiB, 107.02 W, 35, 2332 MHz
2026/08/15 01:48:21.328, 0 %, 88919 MiB, 109.24 W, 35, 2332 MHz
2026/08/15 01:48:26.329, 0 %, 88919 MiB, 86.48 W, 35, 2332 MHz
2026/08/15 01:48:31.329, 0 %, 88919 MiB, 86.03 W, 35, 2332 MHz
2026/08/15 01:48:36.330, 61 %, 89421 MiB, 435.85 W, 48, 2362 MHz
2026/08/15 01:48:41.330, 45 %, 89693 MiB, 229.74 W, 40, 2295 MHz
2026/08/15 01:48:46.331, 2 %, 89933 MiB, 111.29 W, 38, 2325 MHz
2026/08/15 01:48:51.331, 30 %, 89689 MiB, 135.01 W, 39, 2325 MHz
2026/08/15 01:48:56.332, 0 %, 89865 MiB, 88.18 W, 37, 2340 MHz
2026/08/15 01:49:01.332, 0 %, 90053 MiB, 94.88 W, 36, 2332 MHz
2026/08/15 01:49:06.333, 0 %, 90205 MiB, 89.31 W, 36, 2332 MHz
2026/08/15 01:49:11.333, 100 %, 90205 MiB, 342.08 W, 43, 2332 MHz
2026/08/15 01:49:16.334, 100 %, 90205 MiB, 342.97 W, 45, 2332 MHz
2026/08/15 01:49:21.334, 100 %, 90205 MiB, 316.25 W, 45, 2422 MHz
2026/08/15 01:49:26.335, 100 %, 90205 MiB, 312.65 W, 46, 2422 MHz
2026/08/15 01:49:31.335, 100 %, 90205 MiB, 313.59 W, 46, 2422 MHz
2026/08/15 01:49:36.336, 100 %, 90205 MiB, 347.24 W, 47, 2355 MHz
2026/08/15 01:49:41.336, 100 %, 90349 MiB, 314.54 W, 47, 2422 MHz
2026/08/15 01:49:46.337, 100 %, 90349 MiB, 315.04 W, 47, 2422 MHz
2026/08/15 01:49:51.337, 100 %, 90349 MiB, 315.45 W, 48, 2422 MHz
2026/08/15 01:49:56.338, 100 %, 90349 MiB, 316.08 W, 48, 2422 MHz
2026/08/15 01:50:01.338, 100 %, 90349 MiB, 315.90 W, 48, 2422 MHz
2026/08/15 01:50:06.339, 100 %, 90349 MiB, 316.43 W, 49, 2422 MHz
2026/08/15 01:50:11.339, 100 %, 90349 MiB, 312.66 W, 49, 2422 MHz
2026/08/15 01:50:16.340, 100 %, 90349 MiB, 317.15 W, 49, 2422 MHz
2026/08/15 01:50:21.340, 100 %, 90349 MiB, 316.87 W, 49, 2422 MHz
2026/08/15 01:50:26.341, 100 %, 90349 MiB, 317.52 W, 49, 2422 MHz
2026/08/15 01:50:31.341, 100 %, 90349 MiB, 317.36 W, 49, 2422 MHz
2026/08/15 01:50:36.342, 100 %, 90349 MiB, 317.64 W, 50, 2422 MHz
2026/08/15 01:50:41.342, 100 %, 90349 MiB, 317.83 W, 50, 2422 MHz
2026/08/15 01:50:46.343, 100 %, 91791 MiB, 333.28 W, 50, 2422 MHz
2026/08/15 01:50:51.343, 100 %, 91791 MiB, 336.79 W, 51, 2422 MHz
2026/08/15 01:50:56.344, 100 %, 91791 MiB, 337.43 W, 51, 2422 MHz
2026/08/15 01:51:01.344, 100 %, 92943 MiB, 334.38 W, 51, 2422 MHz
2026/08/15 01:51:06.344, 100 %, 92943 MiB, 335.01 W, 51, 2422 MHz
2026/08/15 01:51:11.345, 68 %, 94239 MiB, 322.79 W, 52, 2422 MHz
2026/08/15 01:51:16.345, 100 %, 94239 MiB, 339.27 W, 51, 2422 MHz
2026/08/15 01:51:21.346, 100 %, 94239 MiB, 342.00 W, 51, 2422 MHz
2026/08/15 01:51:26.346, 100 %, 94239 MiB, 340.60 W, 51, 2422 MHz
2026/08/15 01:51:31.347, 100 %, 94239 MiB, 339.45 W, 52, 2422 MHz
2026/08/15 01:51:36.347, 100 %, 94239 MiB, 340.14 W, 52, 2422 MHz
2026/08/15 01:51:41.347, 100 %, 94239 MiB, 311.75 W, 49, 2422 MHz
2026/08/15 01:51:46.348, 0 %, 1697 MiB, 86.15 W, 45, 2422 MHz
2026/08/15 01:51:51.348, 0 %, 0 MiB, 51.24 W, 42, 307 MHz
2026/08/15 01:51:56.349, 0 %, 0 MiB, 40.03 W, 40, 180 MHz
2026/08/15 01:52:01.349, 0 %, 3 MiB, 34.08 W, 38, 180 MHz
2026/08/15 01:52:06.350, 0 %, 3 MiB, 31.76 W, 37, 180 MHz
2026/08/15 01:52:11.351, 0 %, 1583 MiB, 87.40 W, 37, 2340 MHz
2026/08/15 01:52:16.351, 12 %, 31451 MiB, 92.26 W, 37, 2332 MHz
2026/08/15 01:52:21.352, 13 %, 34271 MiB, 89.94 W, 37, 2332 MHz
2026/08/15 01:52:26.352, 71 %, 88983 MiB, 330.96 W, 47, 2340 MHz
2026/08/15 01:52:31.353, 4 %, 89215 MiB, 196.32 W, 40, 2310 MHz
2026/08/15 01:52:36.354, 14 %, 89469 MiB, 121.78 W, 39, 2325 MHz
2026/08/15 01:52:41.354, 22 %, 89615 MiB, 210.91 W, 41, 2287 MHz
2026/08/15 01:52:46.355, 0 %, 89681 MiB, 92.14 W, 38, 2340 MHz
2026/08/15 01:52:51.355, 0 %, 90027 MiB, 88.36 W, 37, 2340 MHz
2026/08/15 01:52:56.356, 0 %, 90027 MiB, 87.68 W, 36, 2340 MHz
2026/08/15 01:53:01.356, 1 %, 90713 MiB, 100.50 W, 36, 2332 MHz
2026/08/15 01:53:06.357, 83 %, 90867 MiB, 337.48 W, 44, 2332 MHz
2026/08/15 01:53:11.357, 98 %, 90867 MiB, 314.47 W, 44, 2415 MHz
2026/08/15 01:53:16.358, 98 %, 91185 MiB, 320.77 W, 46, 2422 MHz
2026/08/15 01:53:21.358, 97 %, 91185 MiB, 316.68 W, 46, 2422 MHz
2026/08/15 01:53:26.359, 98 %, 91185 MiB, 317.40 W, 47, 2422 MHz
2026/08/15 01:53:31.359, 98 %, 91185 MiB, 318.34 W, 48, 2422 MHz
2026/08/15 01:53:36.360, 98 %, 91185 MiB, 318.47 W, 48, 2422 MHz
2026/08/15 01:53:41.361, 98 %, 91185 MiB, 314.15 W, 48, 2422 MHz
2026/08/15 01:53:46.361, 98 %, 91185 MiB, 319.12 W, 49, 2422 MHz
2026/08/15 01:53:51.362, 97 %, 91185 MiB, 314.40 W, 49, 2422 MHz
2026/08/15 01:53:56.362, 97 %, 91185 MiB, 319.97 W, 49, 2422 MHz
2026/08/15 01:54:01.363, 98 %, 91185 MiB, 318.32 W, 49, 2422 MHz
2026/08/15 01:54:06.363, 98 %, 91185 MiB, 320.14 W, 49, 2422 MHz
2026/08/15 01:54:11.364, 99 %, 92913 MiB, 459.90 W, 55, 2377 MHz
2026/08/15 01:54:16.364, 98 %, 92913 MiB, 466.69 W, 56, 2377 MHz
2026/08/15 01:54:21.365, 98 %, 92913 MiB, 468.52 W, 58, 2377 MHz
2026/08/15 01:54:26.365, 98 %, 92913 MiB, 471.19 W, 58, 2377 MHz
2026/08/15 01:54:31.366, 98 %, 92913 MiB, 470.17 W, 58, 2377 MHz
2026/08/15 01:54:36.366, 98 %, 92913 MiB, 470.81 W, 60, 2377 MHz
2026/08/15 01:54:41.367, 98 %, 92913 MiB, 400.73 W, 58, 2407 MHz
2026/08/15 01:54:46.367, 98 %, 92913 MiB, 464.39 W, 60, 2377 MHz
2026/08/15 01:54:51.368, 98 %, 92913 MiB, 465.20 W, 61, 2377 MHz
2026/08/15 01:54:56.369, 98 %, 92913 MiB, 465.75 W, 61, 2377 MHz
2026/08/15 01:55:01.369, 98 %, 92913 MiB, 460.57 W, 61, 2377 MHz
2026/08/15 01:55:06.370, 98 %, 92913 MiB, 468.24 W, 61, 2377 MHz
2026/08/15 01:55:11.370, 98 %, 92913 MiB, 468.08 W, 61, 2377 MHz
2026/08/15 01:55:16.371, 98 %, 92913 MiB, 468.29 W, 62, 2377 MHz
2026/08/15 01:55:21.371, 98 %, 92913 MiB, 468.59 W, 62, 2377 MHz
2026/08/15 01:55:26.372, 98 %, 92913 MiB, 467.36 W, 62, 2377 MHz
2026/08/15 01:55:31.372, 98 %, 92913 MiB, 468.49 W, 62, 2377 MHz
2026/08/15 01:55:36.373, 98 %, 92913 MiB, 470.90 W, 62, 2377 MHz
2026/08/15 01:55:41.373, 98 %, 92913 MiB, 482.32 W, 62, 2377 MHz
2026/08/15 01:55:46.374, 98 %, 92913 MiB, 482.77 W, 63, 2377 MHz
2026/08/15 01:55:51.374, 98 %, 92913 MiB, 400.68 W, 60, 2407 MHz
2026/08/15 01:55:56.375, 0 %, 1697 MiB, 90.10 W, 50, 2422 MHz
2026/08/15 01:56:01.375, 0 %, 0 MiB, 53.36 W, 46, 360 MHz
2026/08/15 01:56:06.376, 0 %, 0 MiB, 37.14 W, 43, 180 MHz
2026/08/15 01:56:11.377, 0 %, 3 MiB, 34.59 W, 41, 180 MHz
2026/08/15 01:56:16.377, 0 %, 3 MiB, 32.67 W, 39, 180 MHz
2026/08/15 01:56:21.378, 0 %, 1583 MiB, 90.85 W, 39, 2340 MHz
2026/08/15 01:56:26.378, 12 %, 31451 MiB, 91.75 W, 39, 2332 MHz
2026/08/15 01:56:31.379, 0 %, 31647 MiB, 91.52 W, 38, 2340 MHz
2026/08/15 01:56:36.379, 21 %, 89819 MiB, 352.11 W, 50, 2362 MHz
2026/08/15 01:56:41.380, 22 %, 90065 MiB, 200.67 W, 44, 2310 MHz
2026/08/15 01:56:46.380, 15 %, 90327 MiB, 126.94 W, 41, 2325 MHz
2026/08/15 01:56:51.381, 0 %, 90537 MiB, 101.86 W, 40, 2340 MHz
2026/08/15 01:56:56.381, 0 %, 91375 MiB, 96.13 W, 39, 2340 MHz
2026/08/15 01:57:01.382, 94 %, 91375 MiB, 318.91 W, 45, 2422 MHz
2026/08/15 01:57:06.383, 97 %, 91375 MiB, 314.47 W, 46, 2422 MHz
2026/08/15 01:57:11.383, 98 %, 91743 MiB, 317.57 W, 47, 2422 MHz
2026/08/15 01:57:16.384, 98 %, 91743 MiB, 313.51 W, 47, 2422 MHz
2026/08/15 01:57:21.384, 98 %, 91743 MiB, 318.36 W, 48, 2422 MHz
2026/08/15 01:57:26.385, 94 %, 91743 MiB, 318.69 W, 48, 2422 MHz
2026/08/15 01:57:31.385, 97 %, 91743 MiB, 319.58 W, 49, 2422 MHz
2026/08/15 01:57:36.386, 98 %, 91743 MiB, 320.27 W, 49, 2422 MHz
2026/08/15 01:57:41.386, 98 %, 91743 MiB, 315.76 W, 49, 2422 MHz
2026/08/15 01:57:46.387, 98 %, 91743 MiB, 320.51 W, 50, 2422 MHz
2026/08/15 01:57:51.387, 98 %, 91743 MiB, 320.99 W, 50, 2422 MHz
2026/08/15 01:57:56.388, 98 %, 91743 MiB, 321.20 W, 50, 2422 MHz
2026/08/15 01:58:01.388, 99 %, 93329 MiB, 465.92 W, 56, 2377 MHz
2026/08/15 01:58:06.389, 99 %, 93329 MiB, 467.69 W, 57, 2377 MHz
2026/08/15 01:58:11.389, 99 %, 93329 MiB, 469.96 W, 58, 2377 MHz
2026/08/15 01:58:16.390, 99 %, 93329 MiB, 469.81 W, 59, 2377 MHz
2026/08/15 01:58:21.390, 98 %, 93329 MiB, 468.79 W, 59, 2377 MHz
2026/08/15 01:58:26.391, 99 %, 93329 MiB, 472.18 W, 60, 2377 MHz
2026/08/15 01:58:31.391, 98 %, 93329 MiB, 454.43 W, 59, 2392 MHz
2026/08/15 01:58:36.392, 98 %, 93329 MiB, 467.09 W, 61, 2377 MHz
2026/08/15 01:58:41.392, 98 %, 93329 MiB, 466.36 W, 61, 2377 MHz
2026/08/15 01:58:46.393, 99 %, 93329 MiB, 467.31 W, 61, 2377 MHz
2026/08/15 01:58:51.394, 98 %, 95777 MiB, 466.54 W, 61, 2377 MHz
2026/08/15 01:58:56.394, 99 %, 95777 MiB, 467.02 W, 61, 2377 MHz
2026/08/15 01:59:01.395, 99 %, 95777 MiB, 469.09 W, 62, 2377 MHz
2026/08/15 01:59:06.395, 98 %, 95777 MiB, 467.67 W, 62, 2377 MHz
2026/08/15 01:59:11.396, 98 %, 95777 MiB, 468.30 W, 62, 2377 MHz
2026/08/15 01:59:16.396, 99 %, 95777 MiB, 468.10 W, 62, 2377 MHz
2026/08/15 01:59:21.397, 98 %, 95777 MiB, 483.07 W, 62, 2377 MHz
2026/08/15 01:59:26.397, 98 %, 95777 MiB, 482.73 W, 63, 2377 MHz
2026/08/15 01:59:31.398, 98 %, 95777 MiB, 484.27 W, 63, 2377 MHz
2026/08/15 01:59:36.398, 0 %, 1697 MiB, 88.86 W, 50, 2422 MHz
2026/08/15 01:59:41.399, 0 %, 0 MiB, 51.70 W, 46, 180 MHz
2026/08/15 01:59:46.399, 0 %, 0 MiB, 34.88 W, 43, 180 MHz
2026/08/15 01:59:51.400, 0 %, 3 MiB, 33.81 W, 41, 180 MHz
2026/08/15 01:59:56.400, 0 %, 3 MiB, 32.25 W, 39, 180 MHz
2026/08/15 02:00:01.401, 0 %, 1583 MiB, 90.37 W, 39, 2340 MHz
2026/08/15 02:00:06.402, 12 %, 31451 MiB, 93.45 W, 39, 2332 MHz
2026/08/15 02:00:11.402, 0 %, 87587 MiB, 97.98 W, 38, 2340 MHz
2026/08/15 02:00:16.403, 99 %, 91265 MiB, 470.88 W, 53, 2407 MHz
2026/08/15 02:00:21.403, 73 %, 91413 MiB, 371.41 W, 50, 2370 MHz
2026/08/15 02:00:26.404, 4 %, 91643 MiB, 183.51 W, 44, 2407 MHz
2026/08/15 02:00:31.404, 25 %, 91905 MiB, 127.21 W, 43, 2325 MHz
2026/08/15 02:00:36.405, 7 %, 91059 MiB, 157.05 W, 42, 2325 MHz
2026/08/15 02:00:41.405, 98 %, 92245 MiB, 284.51 W, 45, 2422 MHz
2026/08/15 02:00:46.406, 98 %, 92245 MiB, 299.02 W, 46, 2422 MHz
2026/08/15 02:00:51.406, 92 %, 92613 MiB, 342.95 W, 47, 2385 MHz
2026/08/15 02:00:56.407, 97 %, 92613 MiB, 318.06 W, 47, 2422 MHz
2026/08/15 02:01:01.407, 98 %, 92613 MiB, 318.52 W, 48, 2422 MHz
2026/08/15 02:01:06.408, 98 %, 92613 MiB, 318.71 W, 48, 2422 MHz
2026/08/15 02:01:11.408, 97 %, 92613 MiB, 319.18 W, 49, 2422 MHz
2026/08/15 02:01:16.409, 97 %, 92613 MiB, 319.91 W, 49, 2422 MHz
2026/08/15 02:01:21.409, 98 %, 92613 MiB, 320.03 W, 49, 2422 MHz
2026/08/15 02:01:26.410, 98 %, 92613 MiB, 319.71 W, 49, 2422 MHz
2026/08/15 02:01:31.410, 97 %, 92613 MiB, 319.93 W, 49, 2422 MHz
2026/08/15 02:01:36.411, 98 %, 92613 MiB, 320.36 W, 50, 2422 MHz
2026/08/15 02:01:41.411, 98 %, 92613 MiB, 321.09 W, 50, 2422 MHz
2026/08/15 02:01:46.412, 99 %, 94055 MiB, 466.04 W, 57, 2377 MHz
2026/08/15 02:01:51.412, 98 %, 94055 MiB, 467.40 W, 57, 2377 MHz
2026/08/15 02:01:56.413, 98 %, 94055 MiB, 467.09 W, 58, 2377 MHz
2026/08/15 02:02:01.413, 98 %, 95351 MiB, 478.53 W, 59, 2377 MHz
2026/08/15 02:02:06.414, 99 %, 95351 MiB, 479.95 W, 59, 2377 MHz
2026/08/15 02:02:11.414, 99 %, 95351 MiB, 442.30 W, 60, 2392 MHz
2026/08/15 02:02:16.415, 97 %, 95351 MiB, 326.57 W, 56, 2422 MHz
2026/08/15 02:02:21.415, 98 %, 95351 MiB, 325.97 W, 54, 2422 MHz
2026/08/15 02:02:26.416, 98 %, 95351 MiB, 465.10 W, 60, 2377 MHz
2026/08/15 02:02:31.416, 99 %, 95351 MiB, 464.86 W, 62, 2377 MHz
2026/08/15 02:02:36.417, 98 %, 95351 MiB, 466.33 W, 61, 2377 MHz
2026/08/15 02:02:41.417, 98 %, 94673 MiB, 466.06 W, 61, 2377 MHz
2026/08/15 02:02:46.418, 98 %, 94673 MiB, 466.63 W, 61, 2377 MHz
2026/08/15 02:02:51.418, 98 %, 94673 MiB, 468.11 W, 61, 2377 MHz
2026/08/15 02:02:56.419, 98 %, 94673 MiB, 466.54 W, 63, 2377 MHz
2026/08/15 02:03:01.419, 99 %, 94673 MiB, 468.94 W, 62, 2377 MHz
2026/08/15 02:03:06.420, 98 %, 94673 MiB, 468.40 W, 62, 2377 MHz
2026/08/15 02:03:11.421, 98 %, 94673 MiB, 482.00 W, 62, 2377 MHz
2026/08/15 02:03:16.421, 98 %, 94673 MiB, 483.72 W, 63, 2377 MHz
2026/08/15 02:03:21.422, 98 %, 94673 MiB, 432.65 W, 56, 2385 MHz
2026/08/15 02:03:26.422, 0 %, 1697 MiB, 89.43 W, 50, 2422 MHz
2026/08/15 02:03:31.423, 0 %, 0 MiB, 51.20 W, 46, 180 MHz
2026/08/15 02:03:36.423, 0 %, 0 MiB, 35.31 W, 43, 180 MHz
2026/08/15 02:03:41.424, 0 %, 3 MiB, 35.67 W, 41, 180 MHz
2026/08/15 02:03:46.424, 0 %, 3 MiB, 33.13 W, 39, 180 MHz
2026/08/15 02:03:51.425, 0 %, 1583 MiB, 90.32 W, 39, 2340 MHz
2026/08/15 02:03:56.425, 12 %, 31451 MiB, 93.32 W, 39, 2340 MHz
2026/08/15 02:04:01.426, 0 %, 82885 MiB, 97.80 W, 38, 2340 MHz
2026/08/15 02:04:06.427, 37 %, 89865 MiB, 291.98 W, 48, 2362 MHz
2026/08/15 02:04:11.427, 5 %, 90111 MiB, 185.22 W, 43, 2317 MHz
2026/08/15 02:04:16.428, 6 %, 90373 MiB, 121.08 W, 40, 2325 MHz
2026/08/15 02:04:21.428, 0 %, 90927 MiB, 130.87 W, 40, 2340 MHz
2026/08/15 02:04:26.429, 98 %, 91375 MiB, 330.21 W, 44, 2422 MHz
2026/08/15 02:04:31.429, 98 %, 91375 MiB, 309.23 W, 45, 2422 MHz
2026/08/15 02:04:36.430, 97 %, 91743 MiB, 346.98 W, 46, 2422 MHz
2026/08/15 02:04:41.430, 98 %, 91743 MiB, 318.09 W, 47, 2422 MHz
2026/08/15 02:04:46.431, 97 %, 91743 MiB, 318.11 W, 48, 2422 MHz
2026/08/15 02:04:51.431, 98 %, 91743 MiB, 318.98 W, 48, 2422 MHz
2026/08/15 02:04:56.432, 98 %, 91743 MiB, 319.29 W, 48, 2422 MHz
2026/08/15 02:05:01.432, 98 %, 91743 MiB, 315.08 W, 49, 2422 MHz
2026/08/15 02:05:06.433, 98 %, 91743 MiB, 320.53 W, 49, 2422 MHz
2026/08/15 02:05:11.433, 97 %, 91743 MiB, 320.71 W, 49, 2422 MHz
2026/08/15 02:05:16.434, 98 %, 91743 MiB, 320.89 W, 50, 2422 MHz
2026/08/15 02:05:21.435, 98 %, 91743 MiB, 321.14 W, 50, 2422 MHz
2026/08/15 02:05:26.435, 98 %, 91743 MiB, 321.32 W, 50, 2422 MHz
2026/08/15 02:05:31.436, 99 %, 93471 MiB, 467.11 W, 56, 2377 MHz
2026/08/15 02:05:36.436, 99 %, 93471 MiB, 469.79 W, 57, 2377 MHz
2026/08/15 02:05:41.437, 98 %, 93471 MiB, 470.24 W, 58, 2377 MHz
2026/08/15 02:05:46.439, 99 %, 93473 MiB, 470.41 W, 59, 2377 MHz
2026/08/15 02:05:51.440, 99 %, 93473 MiB, 471.26 W, 60, 2377 MHz
2026/08/15 02:05:56.440, 99 %, 93473 MiB, 473.75 W, 60, 2377 MHz
2026/08/15 02:06:01.441, 98 %, 93473 MiB, 428.27 W, 60, 2377 MHz
2026/08/15 02:06:06.441, 98 %, 93473 MiB, 466.76 W, 61, 2377 MHz
2026/08/15 02:06:11.442, 98 %, 93473 MiB, 467.27 W, 61, 2377 MHz
2026/08/15 02:06:16.442, 99 %, 93473 MiB, 467.13 W, 61, 2377 MHz
2026/08/15 02:06:21.443, 98 %, 93473 MiB, 466.99 W, 62, 2377 MHz
2026/08/15 02:06:26.443, 98 %, 93473 MiB, 468.41 W, 62, 2377 MHz
2026/08/15 02:06:31.444, 99 %, 93473 MiB, 469.74 W, 62, 2377 MHz
2026/08/15 02:06:36.444, 98 %, 93473 MiB, 468.55 W, 62, 2377 MHz
2026/08/15 02:06:41.445, 99 %, 93473 MiB, 469.16 W, 64, 2377 MHz
2026/08/15 02:06:46.446, 99 %, 93473 MiB, 468.98 W, 63, 2377 MHz
2026/08/15 02:06:51.446, 98 %, 93473 MiB, 462.31 W, 62, 2377 MHz
2026/08/15 02:06:56.447, 99 %, 93473 MiB, 484.35 W, 63, 2377 MHz
2026/08/15 02:07:01.447, 98 %, 93473 MiB, 484.83 W, 63, 2377 MHz
2026/08/15 02:07:06.448, 0 %, 1697 MiB, 92.07 W, 52, 2422 MHz
2026/08/15 02:07:11.448, 0 %, 0 MiB, 89.58 W, 49, 2422 MHz
2026/08/15 02:07:16.449, 0 %, 0 MiB, 51.11 W, 45, 180 MHz
2026/08/15 02:07:21.449, 0 %, 3 MiB, 36.46 W, 42, 180 MHz
2026/08/15 02:07:26.450, 0 %, 3 MiB, 33.15 W, 40, 180 MHz
2026/08/15 02:07:31.450, 0 %, 1583 MiB, 51.95 W, 40, 2250 MHz
2026/08/15 02:07:36.451, 0 %, 1583 MiB, 90.38 W, 39, 2340 MHz
2026/08/15 02:07:41.452, 10 %, 31451 MiB, 92.80 W, 39, 2340 MHz
2026/08/15 02:07:46.452, 0 %, 0 MiB, 104.07 W, 38, 2340 MHz
2026/08/15 02:07:51.453, 0 %, 3 MiB, 49.31 W, 36, 180 MHz
2026/08/15 02:07:56.453, 0 %, 3 MiB, 48.64 W, 36, 180 MHz
2026/08/15 02:08:01.454, 0 %, 1583 MiB, 49.38 W, 35, 255 MHz
2026/08/15 02:08:06.454, 0 %, 1583 MiB, 87.93 W, 36, 2340 MHz
2026/08/15 02:08:11.455, 12 %, 31451 MiB, 91.59 W, 36, 2340 MHz
2026/08/15 02:08:16.456, 14 %, 85003 MiB, 117.69 W, 41, 2340 MHz
2026/08/15 02:08:21.456, 41 %, 85477 MiB, 223.50 W, 43, 2310 MHz
2026/08/15 02:08:26.457, 15 %, 85737 MiB, 131.89 W, 39, 2325 MHz
2026/08/15 02:08:31.457, 0 %, 85887 MiB, 183.01 W, 39, 2332 MHz
2026/08/15 02:08:36.458, 17 %, 86591 MiB, 140.93 W, 39, 2332 MHz
2026/08/15 02:08:41.458, 97 %, 87399 MiB, 335.77 W, 43, 2317 MHz
2026/08/15 02:08:46.459, 79 %, 87399 MiB, 306.60 W, 44, 2385 MHz
2026/08/15 02:08:51.459, 97 %, 87399 MiB, 311.92 W, 45, 2422 MHz
2026/08/15 02:08:56.460, 97 %, 87777 MiB, 312.33 W, 46, 2422 MHz
2026/08/15 02:09:01.461, 97 %, 87777 MiB, 313.34 W, 47, 2422 MHz
2026/08/15 02:09:06.461, 97 %, 87777 MiB, 313.93 W, 47, 2422 MHz
2026/08/15 02:09:11.462, 97 %, 87777 MiB, 314.25 W, 48, 2422 MHz
2026/08/15 02:09:16.462, 97 %, 87777 MiB, 314.96 W, 48, 2422 MHz
2026/08/15 02:09:21.463, 97 %, 87777 MiB, 315.36 W, 49, 2422 MHz
2026/08/15 02:09:26.463, 98 %, 89939 MiB, 382.70 W, 52, 2415 MHz
2026/08/15 02:09:31.464, 98 %, 89939 MiB, 390.91 W, 53, 2415 MHz
2026/08/15 02:09:36.464, 98 %, 89939 MiB, 390.98 W, 54, 2415 MHz
2026/08/15 02:09:41.465, 99 %, 91523 MiB, 455.89 W, 55, 2385 MHz
2026/08/15 02:09:46.465, 98 %, 91523 MiB, 459.00 W, 58, 2385 MHz
2026/08/15 02:09:51.466, 98 %, 91523 MiB, 445.99 W, 57, 2385 MHz
2026/08/15 02:09:56.466, 99 %, 91523 MiB, 461.12 W, 58, 2385 MHz
2026/08/15 02:10:01.467, 97 %, 91523 MiB, 392.29 W, 57, 2415 MHz
2026/08/15 02:10:06.467, 97 %, 91523 MiB, 347.46 W, 55, 2422 MHz
2026/08/15 02:10:11.468, 0 %, 1699 MiB, 86.57 W, 47, 2422 MHz
2026/08/15 02:10:16.469, 0 %, 0 MiB, 50.79 W, 43, 240 MHz
2026/08/15 02:10:21.469, 0 %, 0 MiB, 34.24 W, 41, 180 MHz
2026/08/15 02:10:26.470, 0 %, 3 MiB, 35.52 W, 39, 180 MHz
2026/08/15 02:10:31.470, 0 %, 3 MiB, 32.01 W, 38, 180 MHz
2026/08/15 02:10:36.471, 0 %, 1583 MiB, 89.44 W, 38, 2340 MHz
2026/08/15 02:10:41.471, 12 %, 31451 MiB, 92.67 W, 38, 2340 MHz
2026/08/15 02:10:46.472, 0 %, 83993 MiB, 95.95 W, 38, 2340 MHz
2026/08/15 02:10:51.472, 57 %, 85959 MiB, 275.55 W, 47, 2362 MHz
2026/08/15 02:10:56.473, 4 %, 86199 MiB, 182.29 W, 42, 2302 MHz
